IN	India	91	404,405	10	0	X	(\d{5})(\d{5});(\d{2})(\d{4})(\d{4});(\d{3})(\d{3})(\d{4});(\d{3})(\d{3})(\d{4});(\d{3})(\d{3})(\d{4});(\d{4})(\d{3})(\d{3});(1600)(\d{2})(\d{4});(1800)(\d{4,5});(18[06]0)(\d{2,4})(\d{4});(140)(\d{3})(\d{4});(\d{4})(\d{3})(\d{3})(\d{3})	$1 $2;$1 $2 $3;$1 $2 $3;$1 $2 $3;$1 $2 $3;$1 $2 $3;$1 $2 $3;$1 $2;$1 $2 $3;$1 $2 $3;$1 $2 $3 $4	7(?:[0257]|3[0157-9]|4[0-389]|6[0-35-9]|8[0-79])|8(?:0[015689]|1[0-57-9]|2[2356-9]|3[0-57-9]|[45]|6[02457-9]|7[01-69]|8[0-24-9]|9[02-9])|9#7(?:0|2(?:[0235679]|[14][017-9]|8[0-59]|9[389])|3(?:[058]|1[09]|7[3679]|9[689])|4(?:0[1-9]|1[015-9]|[29][89]|39|8[389])|5(?:[034678]|2[03-9]|5[017-9]|9[7-9])|6(?:0[0-47]|1[0-257-9]|2[0-4]|3[19]|5[4589]|[6-9])|7(?:0[2-9]|[1-79]|8[1-9])|8[0-79])|8(?:0(?:[01589]|6[67])|1(?:[02-57-9]|1[0135-9])|2(?:[236-9]|5[1-9])|3(?:[0357-9]|4[1-9])|[45]|6[02457-9]|7(?:07|[1-69])|8(?:[0-26-9]|44|5[2-9])|9(?:[035-9]|2[2-9]|4[0-8]))|9;11|2[02]|33|4[04]|79|80[2-46];1(?:2[0-249]|3[0-25]|4[145]|[569][14]|7[1257]|8[1346]|[68][1-9])|2(?:1[257]|3[013]|4[01]|5[0137]|6[0158]|78|8[1568]|9[14])|3(?:26|4[1-3]|5[34]|6[01489]|7[02-46]|8[159])|4(?:1[36]|2[1-47]|3[15]|5[12]|6[0-26-9]|7[0-24-9]|8[013-57]|9[014-7])|5(?:1[025]|[36][25]|22|4[28]|5[12]|[78]1|9[15])|6(?:12|[2345]1|57|6[13]|7[14]|80);7(?:12|2[14]|3[134]|4[47]|5[15]|[67]1|88)#7(?:12|2[14]|3[134]|4[47]|5(?:1|5[2-6])|[67]1|88);8(?:16|2[014]|3[126]|6[136]|7[078]|8[34]|91);1(?:[23579]|[468][1-9])|[2-8];160#1600;180#1800;18[06]#18[06]0;140;18[06]#18(?:0[03]|6[12])	X	India
BR	Brasil	55	724	10,11	0	X	(\d{4})(\d{4});(\d{5})(\d{4});(\d{3,5});(\d{2})(\d{5})(\d{4});(\d{2})(\d{4})(\d{4});(\d{4})(\d{4});([3589]00)(\d{2,3})(\d{4})	$1-$2;$1-$2;$1;$1 $2-$3;$1 $2-$3;$1-$2;$1 $2 $3	[2-9](?:[1-9]|0[1-9]);9(?:[1-9]|0[1-9]);1[125689];(?:[189][1-9]|2[12478]|3[1-578]|7[13-579])9;[1-9][1-9];(?:300|40(?:0|20));[3589]00	X	Brazil
ES	España	34	214	9	0	X	([89]00)(\d{3})(\d{3});([5-9]\d{2})(\d{2})(\d{2})(\d{2})	$1 $2 $3;$1 $2 $3 $4	[89]00;[568]|[79][0-8]	X	Spain
DE	Deutschland	49	262	7,8,9,10,11,12	0	X	(1\d{2})(\d{7,8});(15\d{3})(\d{6});(1\d{3})(\d{7});(\d{2})(\d{3,11});(\d{3})(\d{3,11});(\d{4})(\d{2,11});(3\d{4})(\d{1,10});(800)(\d{7,12});(177)(99)(\d{7,8});(\d{3})(\d)(\d{4,10});(1\d{2})(\d{5,11});(18\d{3})(\d{6});(18\d{2})(\d{7});(18\d)(\d{8});(700)(\d{4})(\d{4});(138)(\d{4})	$1 $2;$1 $2;$1 $2;$1 $2;$1 $2;$1 $2;$1 $2;$1 $2;$1 $2 $3;$1 $2 $3;$1 $2;$1 $2;$1 $2;$1 $2;$1 $2 $3;$1 $2	1[67];15[0568];15;3[02]|40|[68]9;2(?:\d1|0[2389]|1[24]|28|34)|3(?:[3-9][15]|40)|[4-8][1-9]1|9(?:06|[1-9]1);[24-6]|[7-9](?:\d[1-9]|[1-9]\d)|3(?:[3569][02-46-9]|4[2-4679]|7[2-467]|8[2-46-8])#[24-6]|[7-9](?:\d[1-9]|[1-9]\d)|3(?:3(?:0[1-467]|2[127-9]|3[124578]|[46][1246]|7[1257-9]|8[1256]|9[145])|4(?:2[135]|3[1357]|4[13578]|6[1246]|7[1356]|9[1346])|5(?:0[14]|2[1-3589]|3[1357]|4[1246]|6[1-4]|7[1346]|8[13568]|9[1246])|6(?:0[356]|2[1-489]|3[124-6]|4[1347]|6[13]|7[12579]|8[1-356]|9[135])|7(?:2[1-7]|3[1357]|4[145]|6[1-5]|7[1-4])|8(?:21|3[1468]|4[1347]|6[0135-9]|7[1467]|8[136])|9(?:0[12479]|2[1358]|3[1357]|4[134679]|6[1-9]|7[136]|8[147]|9[1468]));3;800;177#1779#17799;(?:18|90)0|137#1(?:37|80)|900[1359];181;185#1850#18500;18[68];18[2-579];700;138	X	Germany
MX	México	52	334	10,11	0	X	([358]\d)(\d{4})(\d{4});(\d{3})(\d{3})(\d{4});(1)([358]\d)(\d{4})(\d{4});(1)(\d{3})(\d{3})(\d{4})	$1 $2 $3;$1 $2 $3;$1 $2 $3 $4;$1 $2 $3 $4	33|55|81;[2467]|3[0-2457-9]|5[089]|8[02-9]|9[0-35-9];1(?:33|55|81);1(?:[2467]|3[0-2457-9]|5[089]|8[2-9]|9[1-35-9])	X	Mexico
IT	Italia	39	222	9,10		X	(\d{2})(\d{3,4})(\d{4});(0[26])(\d{4})(\d{5});(0[26])(\d{4,6});(0\d{2})(\d{3,4})(\d{4});(\d{3})(\d{3,6});(0\d{3})(\d{3})(\d{4});(0\d{3})(\d{2,6});(\d{3})(\d{3})(\d{3,4});(\d{4})(\d{4});(\d{3})(\d{4})(\d{4})	$1 $2 $3;$1 $2 $3;$1 $2;$1 $2 $3;$1 $2;$1 $2 $3;$1 $2;$1 $2 $3;$1 $2;$1 $2 $3	0[26]|55;0[26];0[26];0[13-57-9][0159];0[13-57-9][0159]|8(?:03|4[17]|9[245])#0[13-57-9][0159]|8(?:03|4[17]|9(?:2|[45][0-4]));0[13-57-9][2-46-8];0[13-57-9][2-46-8];[13]|8(?:00|4[08]|9[59])#[13]|8(?:00|4[08]|9(?:5[5-9]|9));894#894[5-9];3	X	Italy
AX	Åland	358	999	6,7,8,9,10,11	0	X				X	Åland Islands
AS	American Samoa	1	544	10	0,1	X				X	American Samoa
AD	Andorra	376	213	6	0	X	(\d{3})(\d{3});(180[02])(\d{4})	$1 $2;$1 $2	[346-9];1	X	Andorra
AO	Angola	244	631	9	0	X	(\d{3})(\d{3})(\d{3})	$1 $2 $3	N/A	X	Angola
AI	Anguilla	1	365	10	0,1	X				X	Anguilla
AG	Antigua and Barbuda	1	344	10	0,1	X				X	Antigua and Barbuda
AR	Argentina	54	722	10,11	0	X	([68]\d{2})(\d{3})(\d{4});(\d{2})(\d{4});(\d{3})(\d{4});(\d{4})(\d{4});(9)(11)(\d{4})(\d{4});(9)(\d{3})(\d{3})(\d{4});(9)(\d{4})(\d{2})(\d{4});(11)(\d{4})(\d{4});(\d{3})(\d{3})(\d{4});(\d{4})(\d{2})(\d{4});(\d{3})	$1-$2-$3;$1-$2;$1-$2;$1-$2;$1 $2 $3-$4;$1 $2 $3-$4;$1 $2 $3-$4;$1 $2-$3;$1 $2-$3;$1 $2-$3;$1	[68];[2-9];[2-9];[2-9];911;9(?:2[234689]|3[3-8])#9(?:2(?:2[013]|3[067]|49|6[01346]|80|9[147-9])|3(?:36|4[1-358]|5[138]|6[24]|7[069]|8[013578]))#9(?:2(?:2(?:0[013-9]|[13])|3(?:0[013-9]|[67])|49|6(?:[0136]|4[0-59])|8|9(?:[19]|44|7[013-9]|8[14]))|3(?:36|4(?:[12]|3[456]|[58]4)|5(?:1|3[0-24-689]|8[46])|6|7[069]|8(?:[01]|34|[578][45])))#9(?:2(?:2(?:0[013-9]|[13])|3(?:0[013-9]|[67])|49|6(?:[0136]|4[0-59])|8|9(?:[19]|44|7[013-9]|8[14]))|3(?:36|4(?:[12]|3(?:4|5[014]|6[1239])|[58]4)|5(?:1|3[0-24-689]|8[46])|6|7[069]|8(?:[01]|34|[578][45])));9[23];1;2(?:2[013]|3[067]|49|6[01346]|80|9[147-9])|3(?:36|4[1-358]|5[138]|6[24]|7[069]|8[013578])#2(?:2(?:0[013-9]|[13])|3(?:0[013-9]|[67])|49|6(?:[0136]|4[0-59])|8|9(?:[19]|44|7[013-9]|8[14]))|3(?:36|4(?:[12]|3[456]|[58]4)|5(?:1|3[0-24-689]|8[46])|6|7[069]|8(?:[01]|34|[578][45]))#2(?:2(?:0[013-9]|[13])|3(?:0[013-9]|[67])|49|6(?:[0136]|4[0-59])|8|9(?:[19]|44|7[013-9]|8[14]))|3(?:36|4(?:[12]|3(?:4|5[014]|6[1239])|[58]4)|5(?:1|3[0-24-689]|8[46])|6|7[069]|8(?:[01]|34|[578][45]));[23];1[012]|911	X	Argentina
AW	Aruba	297	363	7	0	X	(\d{3})(\d{4})	$1 $2	N/A	X	Aruba
AC	Ascension Island	247	999	4	0	X				X	Ascension Island
AU	Australia	61	505	9	0	X	([2378])(\d{4})(\d{4});(\d{3})(\d{3})(\d{3});(16)(\d{3})(\d{2,4});(1[389]\d{2})(\d{3})(\d{3});(180)(2\d{3});(19\d)(\d{3});(19\d{2})(\d{4});(13)(\d{2})(\d{2})	$1 $2 $3;$1 $2 $3;$1 $2 $3;$1 $2 $3;$1 $2;$1 $2;$1 $2;$1 $2 $3	[2378];[45]|14;16;1(?:[38]0|90)#1(?:[38]00|90);180#1802;19[13];19[67];13[1-9]	X	Australia
AZ	Azərbaycan	994	400	9	0	X	(\d{2})(\d{3})(\d{2})(\d{2});(\d{2})(\d{3})(\d{2})(\d{2});(\d{3})(\d{2})(\d{2})(\d{2})	$1 $2 $3 $4;$1 $2 $3 $4;$1 $2 $3 $4	(?:1[28]|2(?:[45]2|[0-36])|365);[4-8];9	X	Azerbaijan
BS	Bahamas	1	364	10	0,1	X				X	Bahamas
BB	Barbados	1	342	10	0,1	X				X	Barbados
BE	België	32	206	9	0	X	(\d{3})(\d{2})(\d{2})(\d{2});(\d)(\d{3})(\d{2})(\d{2});(\d{2})(\d{2})(\d{2})(\d{2});(\d{3})(\d{2})(\d{3})	$1 $2 $3 $4;$1 $2 $3 $4;$1 $2 $3 $4;$1 $2 $3	4[6-9];[23]|4[23]|9[2-4];[156]|7[018]|8(?:0[1-9]|[1-79]);(?:80|9)0	X	Belgium
BZ	Belize	501	702	7		X	(\d{3})(\d{4});(0)(800)(\d{4})(\d{3})	$1-$2;$1-$2-$3-$4	[2-8];0	X	Belize
BJ	Bénin	229	616	8	0	X	(\d{2})(\d{2})(\d{2})(\d{2})	$1 $2 $3 $4	N/A	X	Benin
BM	Bermuda	1	350	10	0,1	X				X	Bermuda
BO	Bolivia	591	736	8	0	X	([234])(\d{7});([67]\d{7})	$1 $2;$1	[234];[67]	X	Bolivia
BA	Bosna i Hercegovina	387	218	8,9	0	X	(\d{2})(\d{3})(\d{3});(\d{2})(\d{3})(\d{3});(\d{2})(\d{2})(\d{2})(\d{3})	$1 $2-$3;$1 $2 $3;$1 $2 $3 $4	[3-5];6[1-356]|[7-9];6[047]	X	Bosnia and Herzegovina
BW	Botswana	267	652	8	0	X	(\d{3})(\d{4});(7\d)(\d{3})(\d{3});(90)(\d{5})	$1 $2;$1 $2 $3;$1 $2	[2-6];7;9	X	Botswana
IO	British Indian Ocean Territory	246	999	7	0	X	(\d{3})(\d{4})	$1 $2	N/A	X	British Indian Ocean Territory
VG	British Virgin Islands	1	348	10	0,1	X				X	British Virgin Islands
BN	Brunei	673	528	7	0	X	([2-578]\d{2})(\d{4})	$1 $2	N/A	X	Brunei
BF	Burkina Faso	226	613	8	0	X	(\d{2})(\d{2})(\d{2})(\d{2})	$1 $2 $3 $4	N/A	X	Burkina Faso
BI	Burundi	257	642	8	0	X	(\d{2})(\d{2})(\d{2})(\d{2})	$1 $2 $3 $4	N/A	X	Burundi
CV	Cabo Verde	238	625	7	0	X	(\d{3})(\d{2})(\d{2})	$1 $2 $3	N/A	X	Cape Verde
CM	Cameroon	237	624	8,9	0	X	([26])(\d{2})(\d{2})(\d{2})(\d{2});(\d{2})(\d{2})(\d{2})(\d{2});(800)(\d{2})(\d{3})	$1 $2 $3 $4 $5;$1 $2 $3 $4;$1 $2 $3	[26];[23]|88;80	X	Cameroon
CA	Canada	1	302	10	0,1	X				X	Canada
BQ	Caribisch Nederland	599	362	7,8	0	X				X	Caribbean Netherlands
KY	Cayman Islands	1	346	10	0,1	X				X	Cayman Islands
CZ	Česká republika	420	230	9	0	X	([2-9]\d{2})(\d{3})(\d{3});(96\d)(\d{3})(\d{3})(\d{3});(9\d)(\d{3})(\d{3})(\d{3})	$1 $2 $3;$1 $2 $3 $4;$1 $2 $3 $4	[2-8]|9[015-7];96;9[36]	X	Czech Republic
CL	Chile	56	730	9	0	X	(\d)(\d{4})(\d{4});(\d{2})(\d{3})(\d{4});(9)(\d{4})(\d{4});(44)(\d{3})(\d{4});([68]00)(\d{3})(\d{3,4});(600)(\d{3})(\d{2})(\d{3});(1230)(\d{3})(\d{4});(\d{5})(\d{4});(\d{4,5})	$1 $2 $3;$1 $2 $3;$1 $2 $3;$1 $2 $3;$1 $2 $3;$1 $2 $3 $4;$1 $2 $3;$1 $2;$1	2[23];[357]|4[1-35]|6[13-57];9;44;60|8;60;1;219;[1-9]	X	Chile
CX	Christmas Island	61	999	9	0	X				X	Christmas Island
VA	Città del Vaticano	379	225	10		X				X	Vatican City
CO	Colombia	57	732	10	0	X	(\d)(\d{7});(\d{3})(\d{7});(1)(\d{3})(\d{7})	$1 $2;$1 $2;$1 $2 $3	1(?:8[2-9]|9[0-3]|[2-7])|[24-8]#1(?:8[2-9]|9(?:09|[1-3])|[2-7])|[24-8];3;1(?:80|9[04])#1(?:800|9(?:0[01]|4[78]))	X	Colombia
CG	Congo-Brazzaville	242	629	9		X	(\d{2})(\d{3})(\d{4});(\d)(\d{4})(\d{4})	$1 $2 $3;$1 $2 $3	[02];8	X	Congo - Brazzaville
CD	Congo-Kinshasa	243	630	9	0	X	(\d{2})(\d{3})(\d{4});([89]\d{2})(\d{3})(\d{3});(\d{2})(\d{2})(\d{3});(\d{2})(\d{5})	$1 $2 $3;$1 $2 $3;$1 $2 $3;$1 $2	12;8[0-2459]|9;88;[1-6]	X	Congo - Kinshasa
CK	Cook Islands	682	548	5	0	X	(\d{2})(\d{3})	$1 $2	N/A	X	Cook Islands
CR	Costa Rica	506	712	8	0	X	(\d{4})(\d{4});(\d{3})(\d{3})(\d{4})	$1 $2;$1-$2-$3	[24-7]|8[3-9];[89]0	X	Costa Rica
CI	Côte d’Ivoire	225	612	8		X	(\d{2})(\d{2})(\d{2})(\d{2})	$1 $2 $3 $4	N/A	X	Côte d’Ivoire
CU	Cuba	53	368	8	0	X	(\d)(\d{6,7});(\d{2})(\d{4,6});(\d)(\d{7})	$1 $2;$1 $2;$1 $2	7;[2-4];5	X	Cuba
CW	Curaçao	599	362	7,8	0	X	(\d{3})(\d{4});(9)(\d{3})(\d{4})	$1 $2;$1 $2 $3	[13-7];9	X	Curaçao
DK	Danmark	45	238	8	0	X	(\d{2})(\d{2})(\d{2})(\d{2})	$1 $2 $3 $4	N/A	X	Denmark
DJ	Djibouti	253	638	8	0	X	(\d{2})(\d{2})(\d{2})(\d{2})	$1 $2 $3 $4	N/A	X	Djibouti
DM	Dominica	1	366	10	0,1	X				X	Dominica
EC	Ecuador	593	740	8,9	0	X	(\d)(\d{3})(\d{4});(\d{2})(\d{3})(\d{4});(1800)(\d{3})(\d{3,4})	$1-$2-$3;$1 $2 $3;$1 $2 $3	[247]|[356][2-8];9;1	X	Ecuador
EE	Eesti	372	248	7,8	0	X	([3-79]\d{2})(\d{4});(70)(\d{2})(\d{4});(8000)(\d{3})(\d{3});([458]\d{3})(\d{3,4})	$1 $2;$1 $2 $3;$1 $2 $3;$1 $2	[369]|4[3-8]|5(?:[0-2]|5[0-478]|6[45])|7[1-9]#[369]|4[3-8]|5(?:[02]|1(?:[0-8]|95)|5[0-478]|6(?:4[0-4]|5[1-589]))|7[1-9];70;800#8000;40|5|8(?:00|[1-5])#40|5|8(?:00[1-9]|[1-5])	X	Estonia
SV	El Salvador	503	706	8	0	X	(\d{4})(\d{4});(\d{3})(\d{4});(\d{3})(\d{4})(\d{4})	$1 $2;$1 $2;$1 $2 $3	[267];[89];[89]	X	El Salvador
ER	Eretria	291	657	7	0	X	(\d)(\d{3})(\d{3})	$1 $2 $3	N/A	X	Eritrea
FK	Falkland Islands	500	750	5	0	X				X	Falkland Islands
FJ	Fiji	679	542	7		X	(\d{3})(\d{4});(\d{4})(\d{3})(\d{4})	$1 $2;$1 $2 $3	[36-9];0	X	Fiji
FO	Føroyar	298	288	6	0	X	(\d{6})	$1	N/A	X	Faroe Islands
FR	France	33	208	9	0	X	([1-79])(\d{2})(\d{2})(\d{2})(\d{2});(1\d{2})(\d{3});(8\d{2})(\d{2})(\d{2})(\d{2})	$1 $2 $3 $4 $5;$1 $2;$1 $2 $3 $4	[1-79];11;8	X	France
GA	Gabon	241	628	8		X	(\d)(\d{2})(\d{2})(\d{2});(\d{2})(\d{2})(\d{2})(\d{2})	$1 $2 $3 $4;$1 $2 $3 $4	[2-7];0	X	Gabon
GM	Gambia	220	607	7	0	X	(\d{3})(\d{4})	$1 $2	N/A	X	Gambia
GH	Ghana	233	620	9	0	X	(\d{2})(\d{3})(\d{4});(\d{3})(\d{5})	$1 $2 $3;$1 $2	[235];8	X	Ghana
GI	Gibraltar	350	266	8	0	X	(\d{3})(\d{5})	$1 $2	2	X	Gibraltar
GD	Grenada	1	352	10	0,1	X				X	Grenada
GP	Guadeloupe	590	340	9	0	X	([56]90)(\d{2})(\d{4})	$1 $2-$3	N/A	X	Guadeloupe
GU	Guam	1	535	10	0,1	X				X	Guam
GT	Guatemala	502	704	8	0	X	(\d{4})(\d{4});(\d{4})(\d{3})(\d{4})	$1 $2;$1 $2 $3	[2-7];1	X	Guatemala
GG	Guernsey	44	234,235	10	0	X				X	Guernsey
GW	Guiné Bissau	245	632	7,9	0	X	(\d{3})(\d{3})(\d{3})	$1 $2 $3	44|9[567]	X	Guinea-Bissau
GQ	Guinea Ecuatorial	240	627	9	0	X	(\d{3})(\d{3})(\d{3});(\d{3})(\d{6})	$1 $2 $3;$1 $2	[235];[89]	X	Equatorial Guinea
GN	Guinée	224	611	8,9	0	X	(\d{2})(\d{2})(\d{2})(\d{2});(\d{3})(\d{2})(\d{2})(\d{2})	$1 $2 $3 $4;$1 $2 $3 $4	3;[67]	X	Guinea
GY	Guyana	592	738	7	0	X	(\d{3})(\d{4})	$1 $2	N/A	X	Guyana
GF	Guyane française	594	742	9	0	X	(\d{3})(\d{2})(\d{2})(\d{2})	$1 $2 $3 $4	N/A	X	French Guiana
HT	Haïti	509	372	8	0	X	(\d{2})(\d{2})(\d{4})	$1 $2 $3	N/A	X	Haiti
HN	Honduras	504	708	8	0	X	(\d{4})(\d{4})	$1-$2	N/A	X	Honduras
HR	Hrvatska	385	219	8,9	0	X	(1)(\d{4})(\d{3});(6[09])(\d{4})(\d{3});([67]2)(\d{3})(\d{3,4});([2-5]\d)(\d{3})(\d{3,4});(9\d)(\d{3})(\d{3,4});(9\d)(\d{4})(\d{4});(9\d)(\d{3,4})(\d{3})(\d{3});(\d{2})(\d{2})(\d{2,3});(\d{2})(\d{3,4})(\d{3});(80[01])(\d{2})(\d{2,3});(80[01])(\d{3,4})(\d{3})	$1 $2 $3;$1 $2 $3;$1 $2 $3;$1 $2 $3;$1 $2 $3;$1 $2 $3;$1 $2 $3 $4;$1 $2 $3;$1 $2 $3;$1 $2 $3;$1 $2 $3	1;6[09];[67]2;[2-5];9;9;9;6[0145]|7;6[0145]|7;8;8	X	Croatia
ZA	i-South Africa	27	655	9	0	X	(860)(\d{3})(\d{3});(\d{2})(\d{3})(\d{4});(\d{2})(\d{3,4});(\d{2})(\d{3})(\d{2,3})	$1 $2 $3;$1 $2 $3;$1 $2;$1 $2 $3	860;[1-79]|8(?:[0-47]|6[1-9]);8[1-4];8[1-4]	X	South Africa
ID	Indonesia	62	510	9,10,11,12	0	X	(\d{2})(\d{5,8});(\d{3})(\d{5,8});(8\d{2})(\d{3,4})(\d{3,5});(1)(500)(\d{3});(177)(\d{6,8});(800)(\d{5,7});(804)(\d{3})(\d{4});(80\d)(\d)(\d{3})(\d{3})	$1 $2;$1 $2;$1-$2-$3;$1 $2 $3;$1 $2;$1 $2;$1 $2 $3;$1 $2 $3 $4	2[124]|[36]1;[4579]|2[035-9]|[36][02-9];8[1-35-9];15;17;800;804;80[79]	X	Indonesia
IE	Ireland	353	272	9	0	X	(1)(\d{3,4})(\d{4});(\d{2})(\d{5});(\d{3})(\d{5});(48)(\d{4})(\d{4});(818)(\d{3})(\d{3});(\d{2})(\d{3})(\d{3,4});([78]\d)(\d{3,4})(\d{4});(700)(\d{3})(\d{3});(\d{4})(\d{3})(\d{3})	$1 $2 $3;$1 $2;$1 $2;$1 $2 $3;$1 $2 $3;$1 $2 $3;$1 $2 $3;$1 $2 $3;$1 $2 $3	1;2[24-9]|47|58|6[237-9]|9[35-9];40[24]|50[45];48;81;[24-69]|7[14];76|8[35-9];70;1(?:8[059]|5)#1(?:8[059]0|5)	X	Ireland
IS	Ísland	354	274	7,8,9	0	X	(\d{3})(\d{4});(3\d{2})(\d{3})(\d{3})	$1 $2;$1 $2 $3	[4-9];3	X	Iceland
IM	Isle of Man	44	234,235	10	0	X				X	Isle of Man
JM	Jamaica	1	338	10	0,1	X				X	Jamaica
JE	Jersey	44	234,235	10	0	X				X	Jersey
GL	Kalaallit Nunaat	299	290	6	0	X	(\d{2})(\d{2})(\d{2})	$1 $2 $3	N/A	X	Greenland
KE	Kenya	254	639	9	0	X	(\d{2})(\d{5,7});(\d{3})(\d{6});(\d{3})(\d{3})(\d{3,4})	$1 $2;$1 $2;$1 $2 $3	[24-6];7;[89]	X	Kenya
CC	Kepulauan Cocos (Keeling)	61	999	9	0	X				X	Cocos (Keeling) Islands
KI	Kiribati	686	545	8	0	X				X	Kiribati
RE	La Réunion	262	647	9	0	X	([268]\d{2})(\d{2})(\d{2})(\d{2})	$1 $2 $3 $4	N/A	X	Réunion
LV	Latvija	371	247	8	0	X	([2689]\d)(\d{3})(\d{3})	$1 $2 $3	N/A	X	Latvia
LS	Lesotho	266	651	8	0	X	(\d{4})(\d{4})	$1 $2	N/A	X	Lesotho
LR	Liberia	231	618	7,8,9	0	X	(2\d)(\d{3})(\d{3});(\d{3})(\d{3})(\d{3});([4-6])(\d{3})(\d{3});(\d{2})(\d{3})(\d{4})	$1 $2 $3;$1 $2 $3;$1 $2 $3;$1 $2 $3	2;[2579];[4-6];[38]	X	Liberia
LI	Liechtenstein	423	295	7	0	X	(\d{3})(\d{2})(\d{2});(\d{3})(\d{3})(\d{3});(69)(7\d{2})(\d{4})	$1 $2 $3;$1 $2 $3;$1 $2 $3	[23789];6[56];697	X	Liechtenstein
LT	Lietuva	370	246	8	0,8	X	([34]\d)(\d{6});([3-6]\d{2})(\d{5});([7-9]\d{2})(\d{2})(\d{3});(5)(2\d{2})(\d{4})	$1 $2;$1 $2;$1 $2 $3;$1 $2 $3	37|4(?:1|5[45]|6[2-4]);3[148]|4(?:[24]|6[09])|528|6;[7-9];52[0-79]	X	Lithuania
LU	Luxemburg	352	270	9	0	X	(\d{2})(\d{3});(\d{2})(\d{2})(\d{2});(\d{2})(\d{2})(\d{3});(\d{2})(\d{2})(\d{2})(\d{1,2});(\d{2})(\d{2})(\d{2})(\d{3});(\d{2})(\d{2})(\d{2})(\d{2})(\d{1,2});(\d{2})(\d{2})(\d{2})(\d{1,4});(\d{3})(\d{2})(\d{3});(\d{3})(\d{3})(\d{3})	$1 $2;$1 $2 $3;$1 $2 $3;$1 $2 $3 $4;$1 $2 $3 $4;$1 $2 $3 $4 $5;$1 $2 $3 $4;$1 $2 $3;$1 $2 $3	[2-5]|7[1-9]|[89](?:[1-9]|0[2-9]);[2-5]|7[1-9]|[89](?:[1-9]|0[2-9]);20;2(?:[0367]|4[3-8]);20;2(?:[0367]|4[3-8]);2(?:[12589]|4[12])|[3-5]|7[1-9]|8(?:[1-9]|0[2-9])|9(?:[1-9]|0[2-46-9]);70|80[01]|90[015];6	X	Luxembourg
MG	Madagascar	261	646	9	0	X	([23]\d)(\d{2})(\d{3})(\d{2})	$1 $2 $3 $4	N/A	X	Madagascar
HU	Magyarország	36	216	9	0	X	(1)(\d{3})(\d{4});(\d{2})(\d{3})(\d{3,4})	$1 $2 $3;$1 $2 $3	1;[2-9]	X	Hungary
MW	Malawi	265	650	9	0	X	(\d)(\d{3})(\d{3});(2\d{2})(\d{3})(\d{3});(\d{3})(\d{2})(\d{2})(\d{2})	$1 $2 $3;$1 $2 $3;$1 $2 $3 $4	1;2;[1789]	X	Malawi
MY	Malaysia	60	502	9,10	0	X	([4-79])(\d{3})(\d{4});(3)(\d{4})(\d{4});([18]\d)(\d{3})(\d{3,4});(1)([36-8]00)(\d{2})(\d{4});(11)(\d{4})(\d{4});(15[49])(\d{3})(\d{4})	$1-$2 $3;$1-$2 $3;$1-$2 $3;$1-$2-$3-$4;$1-$2 $3;$1-$2 $3	[4-79];3;1[02-46-9][1-9]|8;1[36-8]0;11;15	X	Malaysia
MV	Maldives	960	472	7	0	X	(\d{3})(\d{4});(\d{3})(\d{3})(\d{4})	$1-$2;$1 $2 $3	[3467]|9(?:[1-9]|0[1-9]);900	X	Maldives
ML	Mali	223	610	8	0	X	(\d{2})(\d{2})(\d{2})(\d{2});(\d{4})	$1 $2 $3 $4;$1	[246-9];67|74	X	Mali
MT	Malta	356	278	8	0	X	(\d{4})(\d{4})	$1 $2	N/A	X	Malta
MH	Marshall Islands	692	551	7	0,1	X	(\d{3})(\d{4})	$1-$2	N/A	X	Marshall Islands
MQ	Martinique	596	340	9	0	X	(\d{3})(\d{2})(\d{2})(\d{2})	$1 $2 $3 $4	N/A	X	Martinique
MU	Mauritius	230	617	7,8	0	X	([2-46-9]\d{2})(\d{4});(5\d{3})(\d{4})	$1 $2;$1 $2	[2-46-9];5	X	Mauritius
YT	Mayotte	262	654	9	0	X				X	Mayotte
FM	Micronesia	691	550	7	0	X	(\d{3})(\d{4})	$1 $2	N/A	X	Micronesia
MZ	Moçambique	258	643	9	0	X	([28]\d)(\d{3})(\d{3,4});(80\d)(\d{3})(\d{3})	$1 $2 $3;$1 $2 $3	2|8[2-7];80	X	Mozambique
MC	Monaco	377	212	8,9	0	X	(\d{2})(\d{2})(\d{2})(\d{2});(\d{2})(\d{3})(\d{3});(6)(\d{2})(\d{2})(\d{2})(\d{2});(\d{3})(\d{3})(\d{2})	$1 $2 $3 $4;$1 $2 $3;$1 $2 $3 $4 $5;$1 $2 $3	9;4;6;8	X	Monaco
MS	Montserrat	1	354	10	0,1	X				X	Montserrat
NA	Namibia	264	649	9	0	X	(8\d)(\d{3})(\d{4});(6\d)(\d{3})(\d{3,4});(88)(\d{3})(\d{3});(870)(\d{3})(\d{3})	$1 $2 $3;$1 $2 $3;$1 $2 $3;$1 $2 $3	8[1235];6;88;870	X	Namibia
NR	Nauru	674	536	7	0	X	(\d{3})(\d{4})	$1 $2	N/A	X	Nauru
NL	Nederland	31	204	9	0	X	([1-578]\d)(\d{3})(\d{4});([1-5]\d{2})(\d{3})(\d{3});(6)(\d{8});(66)(\d{7});(14)(\d{3,4});([89]0\d)(\d{4,7})	$1 $2 $3;$1 $2 $3;$1 $2;$1 $2;$1 $2;$1 $2	1[035]|2[0346]|3[03568]|4[0356]|5[0358]|7|8[4578];1[16-8]|2[259]|3[124]|4[17-9]|5[124679];6[0-57-9];66;14;80|9	X	Netherlands
NZ	New Zealand	64	530	8,9,10	0	X	([34679])(\d{3})(\d{4});(24099)(\d{3});(\d{2})(\d{3})(\d{3});(\d{2})(\d{3})(\d{3,5});(2\d)(\d{3,4})(\d{4});(\d{3})(\d{3})(\d{3,4})	$1-$2 $3;$1 $2;$1 $2 $3;$1 $2 $3;$1 $2 $3;$1 $2 $3	[346]|7[2-57-9]|9[1-9];240#2409#24099;21;2(?:1[1-9]|[69]|7[0-35-9])|70|86;2[028];2(?:10|74)|5|[89]0	X	New Zealand
NI	Nicaragua	505	710	8	0	X	(\d{4})(\d{4})	$1 $2	N/A	X	Nicaragua
NE	Niger	227	614	8		X	(\d{2})(\d{2})(\d{2})(\d{2});(08)(\d{3})(\d{3})	$1 $2 $3 $4;$1 $2 $3	[289]|09;08	X	Niger
NG	Nigeria	234	621	10	0	X	(\d{3})(\d{3})(\d{3,4});(\d)(\d{3})(\d{3,4});(\d{2})(\d{3})(\d{2,3});([78]00)(\d{4})(\d{4,5});([78]00)(\d{5})(\d{5,6});(78)(\d{2})(\d{3})	$1 $2 $3;$1 $2 $3;$1 $2 $3;$1 $2 $3;$1 $2 $3;$1 $2 $3	70|8[01]|90[23589];[12]|9(?:0[3-9]|[1-9]);[3-6]|7(?:[1-79]|0[1-9])|8[2-9];[78]00;[78]00;78	X	Nigeria
NU	Niue	683	553	4	0	X				X	Niue
NF	Norfolk Island	672	999	5,6	0	X	(\d{2})(\d{4});(\d)(\d{5})	$1 $2;$1 $2	1;3	X	Norfolk Island
NO	Norge	47	242	8		X	([489]\d{2})(\d{2})(\d{3});([235-7]\d)(\d{2})(\d{2})(\d{2})	$1 $2 $3;$1 $2 $3 $4	[489];[235-7]	X	Norway
MP	Northern Mariana Islands	1	534	10	0,1	X				X	Northern Mariana Islands
NC	Nouvelle-Calédonie	687	546	6	0	X	(\d{2})(\d{2})(\d{2})	$1.$2.$3	[2-46-9]|5[0-4]	X	New Caledonia
UZ	Oʻzbekiston	998	434	7,8,9	0,8	X	([679]\d)(\d{3})(\d{2})(\d{2})	$1 $2 $3 $4	N/A	X	Uzbekistan
AT	Österreich	43	232	10,11,12,13	0	X	(116\d{3});(1)(\d{3,12});(5\d)(\d{3,5});(5\d)(\d{3})(\d{3,4});(5\d)(\d{4})(\d{4,7});(\d{3})(\d{3,10});(\d{4})(\d{3,9})	$1;$1 $2;$1 $2;$1 $2 $3;$1 $2 $3;$1 $2;$1 $2	116;1;5[079];5[079];5[079];316|46|51|732|6(?:5[0-3579]|[6-9])|7(?:[28]0)|[89];2|3(?:1[1-578]|[3-8])|4[2378]|5[2-6]|6(?:[12]|4[1-9]|5[468])|7(?:2[1-8]|35|4[1-8]|[5-79])	X	Austria
PW	Palau	680	552	7	0	X	(\d{3})(\d{4})	$1 $2	N/A	X	Palau
PA	Panamá	507	714	8	0	X	(\d{3})(\d{4});(\d{4})(\d{4})	$1-$2;$1-$2	[1-57-9];6	X	Panama
PG	Papua New Guinea	675	537	7,8	0	X	(\d{3})(\d{4});(\d{4})(\d{4})	$1 $2;$1 $2	[13-689]|27;20|7	X	Papua New Guinea
PY	Paraguay	595	744	9	0	X	(\d{2})(\d{5,7});(\d{3})(\d{3,6});(\d{3})(\d{6});(\d{2})(\d{3})(\d{4});(\d{3})(\d{4,6})	$1 $2;$1 $2;$1 $2;$1 $2 $3;$1 $2	(?:[26]1|3[289]|4[124678]|7[123]|8[1236]);[2-9]0;9[1-9];8700;[2-8][1-9]	X	Paraguay
PE	Perú	51	716	9	0	X	(1)(\d{7});([4-8]\d)(\d{6});(\d{3})(\d{5});(9\d{2})(\d{3})(\d{3})	$1 $2;$1 $2;$1 $2;$1 $2 $3	1;[4-7]|8[2-4];80;9	X	Peru
PH	Philippines	63	515	10	0	X	(2)(\d{3})(\d{4});(2)(\d{5});(\d{4})(\d{4,6});(\d{5})(\d{4});([3-8]\d)(\d{3})(\d{4});(\d{3})(\d{3})(\d{4});(1800)(\d{3})(\d{4});(1800)(\d{1,2})(\d{3})(\d{4})	$1 $2 $3;$1 $2;$1 $2;$1 $2;$1 $2 $3;$1 $2 $3;$1 $2 $3;$1 $2 $3 $4	2;2;3(?:23|39|46)|4(?:2[3-6]|[35]9|4[26]|76)|5(?:22|44)|642|8(?:62|8[245])#3(?:230|397|461)|4(?:2(?:35|[46]4|51)|396|4(?:22|63)|59[347]|76[15])|5(?:221|446)|642[23]|8(?:622|8(?:[24]2|5[13]));346|4(?:27|9[35])|883#3469|4(?:279|9(?:30|56))|8834;[3-8];81|9;1;1	X	Philippines
PL	Polska	48	260	9	0	X	(\d{2})(\d{3})(\d{2})(\d{2});(\d{2})(\d{1})(\d{4});(\d{3})(\d{3})(\d{3});(\d{3})(\d{2})(\d{2,3});(\d{3})(\d{3})	$1 $2 $3 $4;$1 $2 $3;$1 $2 $3;$1 $2 $3;$1 $2	[14]|2[0-57-9]|3[2-4]|5[24-689]|6[1-3578]|7[14-7]|8[1-79]|9[145];[12]2;26|39|5[0137]|6[0469]|7[02389]|8[08];64;64	X	Poland
PF	Polynésie française	689	547	6,8	0	X	(\d{2})(\d{2})(\d{2})(\d{2});(\d{2})(\d{2})(\d{2})	$1 $2 $3 $4;$1 $2 $3	4[09]|8[79];44	X	French Polynesia
PT	Portugal	351	268	9	0	X	(2\d)(\d{3})(\d{4});([2-46-9]\d{2})(\d{3})(\d{3})	$1 $2 $3;$1 $2 $3	2[12];2[3-9]|[346-9]	X	Portugal
PR	Puerto Rico	1	330	10	0,1	X				X	Puerto Rico
DO	República Dominicana	1	370	10	0,1	X				X	Dominican Republic
MD	Republica Moldova	373	259	8	0	X	(\d{2})(\d{3})(\d{3});([25-7]\d{2})(\d{2})(\d{3});([89]\d{2})(\d{5})	$1 $2 $3;$1 $2 $3;$1 $2	22|3;2[13-79]|[5-7];[89]	X	Moldova
CF	République centrafricaine	236	623	8	0	X	(\d{2})(\d{2})(\d{2})(\d{2})	$1 $2 $3 $4	N/A	X	Central African Republic
RO	România	40	226	9	0	X	(\d{2})(\d{3})(\d{4});(21)(\d{4});(\d{3})(\d{3})(\d{3});(2\d{2})(\d{3})	$1 $2 $3;$1 $2;$1 $2 $3;$1 $2	[23]1;21;[23][3-7]|[7-9];2[3-6]	X	Romania
RW	Rwanda	250	635	9		X	(2\d{2})(\d{3})(\d{3});([7-9]\d{2})(\d{3})(\d{3});(0\d)(\d{2})(\d{2})(\d{2})	$1 $2 $3;$1 $2 $3;$1 $2 $3 $4	2;[7-9];0	X	Rwanda
SH	Saint Helena	290	999	4,5	0	X				X	Saint Helena
KN	Saint Kitts and Nevis	1	356	10	0,1	X				X	Saint Kitts and Nevis
LC	Saint Lucia	1	358	10	0,1	X				X	Saint Lucia
BL	Saint-Barthélemy	590	340	9	0	X				X	Saint Barthélemy
MF	Saint-Martin (partie française)	590	340	9	0	X				X	Saint Martin
PM	Saint-Pierre-et-Miquelon	508	308	6	0	X	([45]\d)(\d{2})(\d{2})	$1 $2 $3	N/A	X	Saint Pierre and Miquelon
WS	Samoa	685	549	6,7	0	X	(8\d{2})(\d{3,4});(7\d)(\d{5});(\d{5})	$1 $2;$1 $2;$1	8;7;[2-6]	X	Samoa
SM	San Marino	378	292	8		X	(\d{2})(\d{2})(\d{2})(\d{2});(0549)(\d{6});(\d{6})	$1 $2 $3 $4;($1) $2;(0549) $1	[5-7];0;[89]	X	San Marino
ST	São Tomé e Príncipe	239	626	7	0	X	(\d{3})(\d{4})	$1 $2	N/A	X	São Tomé and Príncipe
CH	Schweiz	41	228	9	0	X	([2-9]\d)(\d{3})(\d{2})(\d{2});([89]\d{2})(\d{3})(\d{3});(\d{3})(\d{2})(\d{3})(\d{2})(\d{2})	$1 $2 $3 $4;$1 $2 $3;$1 $2 $3 $4 $5	[2-7]|[89]1;8[047]|90;860	X	Switzerland
SN	Sénégal	221	608	9	0	X	(\d{2})(\d{3})(\d{2})(\d{2});(\d{3})(\d{2})(\d{2})(\d{2})	$1 $2 $3 $4;$1 $2 $3 $4	[379];8	X	Senegal
SC	Seychelles	248	633	7	0	X	(\d{3})(\d{3});(\d)(\d{3})(\d{3})	$1 $2;$1 $2 $3	8;[246]	X	Seychelles
AL	Shqipëri	355	276	9	0	X	(4)(\d{3})(\d{4});(6[6-9])(\d{3})(\d{4});(\d{2})(\d{3})(\d{3});(\d{3})(\d{3,5})	$1 $2 $3;$1 $2 $3;$1 $2 $3;$1 $2	4[0-6];6;[2358][2-5]|4[7-9];[235][16-9]|8[016-9]|[79]	X	Albania
SL	Sierra Leone	232	619	8	0	X	(\d{2})(\d{6})	$1 $2	N/A	X	Sierra Leone
SG	Singapore	65	525	8	0	X	([3689]\d{3})(\d{4});(1[89]00)(\d{3})(\d{4});(7000)(\d{4})(\d{3});(800)(\d{3})(\d{4})	$1 $2;$1 $2 $3;$1 $2 $3;$1 $2 $3	[369]|8[1-9];1[89];70;80	X	Singapore
SX	Sint-Maarten	1	362	10	0,1	X				X	Sint Maarten
SI	Slovenija	386	293	8	0	X	(\d)(\d{3})(\d{2})(\d{2});([3-7]\d)(\d{3})(\d{3});([89][09])(\d{3,6});([58]\d{2})(\d{5})	$1 $2 $3 $4;$1 $2 $3;$1 $2;$1 $2	[12]|3[24-8]|4[24-8]|5[2-8]|7[3-8];[37][01]|4[0139]|51|6;[89][09];59|8[1-3]	X	Slovenia
SK	Slovensko	421	231	9	0	X	(2)(\d{3})(\d{3})(\d{2});([3-5]\d)(\d{3})(\d{2})(\d{2});([689]\d{2})(\d{3})(\d{3});(9090)(\d{3})	$1/$2 $3 $4;$1/$2 $3 $4;$1 $2 $3;$1 $2	2;[3-5];[689];9090	X	Slovakia
SB	Solomon Islands	677	540	7	0	X	(\d{2})(\d{5})	$1 $2	[7-9]	X	Solomon Islands
SO	Soomaaliya	252	637	8,9	0	X	(\d)(\d{6});(\d)(\d{7});(\d{2})(\d{5,7});(90\d)(\d{3})(\d{3})	$1 $2;$1 $2;$1 $2;$1 $2 $3	2[0-79]|[13-5];24|[67];15|28|6[1-35-9]|799|9[2-9];90	X	Somalia
SS	South Sudan	211	659	9	0	X	(\d{3})(\d{3})(\d{3})	$1 $2 $3	N/A	X	South Sudan
VC	St. Vincent & Grenadines	1	360	10	0,1	X				X	St. Vincent & Grenadines
FI	Suomi	358	244	6,7,8,9,10,11	0	X	(\d{3})(\d{3,7});(116\d{3});(\d{2})(\d{4,10});(\d)(\d{4,11})	$1 $2;$1;$1 $2;$1 $2	(?:[1-3]00|[6-8]0);116;[14]|2[09]|50|7[135];[25689][1-8]|3	X	Finland
SR	Suriname	597	746	7	0	X	(\d{3})(\d{3});(\d{2})(\d{2})(\d{2});(\d{3})(\d{4})	$1-$2;$1-$2-$3;$1-$2	[2-4]|5[2-58];56;59|[6-8]	X	Suriname
SE	Sverige	46	240	9	0	X	(8)(\d{2,3})(\d{2,3})(\d{2});([1-69]\d)(\d{2,3})(\d{2})(\d{2});([1-69]\d)(\d{3})(\d{2});(\d{3})(\d{2})(\d{2})(\d{2});(\d{3})(\d{2,3})(\d{2});(7\d)(\d{3})(\d{2})(\d{2});(77)(\d{2})(\d{2});(20)(\d{2,3})(\d{2});(9[034]\d)(\d{2})(\d{2})(\d{3});(9[034]\d)(\d{4})	$1 $2 $3 $4;$1 $2 $3 $4;$1 $2 $3;$1 $2 $3 $4;$1 $2 $3;$1 $2 $3 $4;$1 $2 $3;$1 $2 $3;$1 $2 $3 $4;$1 $2	8;1[013689]|2[0136]|3[1356]|4[0246]|54|6[03]|90;1[13689]|2[136]|3[1356]|4[0246]|54|6[03]|90;1[2457]|2[2457-9]|3[0247-9]|4[1357-9]|5[0-35-9]|6[124-9]|9(?:[125-8]|3[0-5]|4[0-3]);1[2457]|2[2457-9]|3[0247-9]|4[1357-9]|5[0-35-9]|6[124-9]|9(?:[125-8]|3[0-5]|4[0-3]);7;7;20;9[034];9[034]	X	Sweden
SZ	Swaziland	268	653	8		X	(\d{4})(\d{4})	$1 $2	[027]	X	Swaziland
TZ	Tanzania	255	640	9	0	X	([24]\d)(\d{3})(\d{4});([67]\d{2})(\d{3})(\d{3});([89]\d{2})(\d{2})(\d{4})	$1 $2 $3;$1 $2 $3;$1 $2 $3	[24];[67];[89]	X	Tanzania
TD	Tchad	235	622	8	0	X	(\d{2})(\d{2})(\d{2})(\d{2})	$1 $2 $3 $4	N/A	X	Chad
TL	Timor-Leste	670	514	8	0	X	(\d{3})(\d{4});(\d{4})(\d{4})	$1 $2;$1 $2	[2-489];7	X	Timor-Leste
TG	Togo	228	615	8	0	X	(\d{2})(\d{2})(\d{2})(\d{2})	$1 $2 $3 $4	N/A	X	Togo
TK	Tokelau	690	999	4	0	X				X	Tokelau
TO	Tonga	676	539	7		X	(\d{2})(\d{3});(\d{3})(\d{4});(\d{4})(\d{3})	$1-$2;$1 $2;$1 $2	[1-6]|7[0-4]|8[05];7[5-9]|8[47-9];0	X	Tonga
TT	Trinidad and Tobago	1	374	10	0,1	X				X	Trinidad and Tobago
TR	Türkiye	90	286	10	0	X	(\d{3})(\d{3})(\d{4});(\d{3})(\d{3})(\d{4});(444)(\d{1})(\d{3})	$1 $2 $3;$1 $2 $3;$1 $2 $3	[23]|4(?:[0-35-9]|4[0-35-9]);[589];444	X	Turkey
TC	Turks and Caicos Islands	1	376	10	0,1	X				X	Turks and Caicos Islands
TV	Tuvalu	688	999	6	0	X				X	Tuvalu
VI	U.S. Virgin Islands	1	332	10	0,1	X				X	U.S. Virgin Islands
UG	Uganda	256	641	9	0	X	(\d{3})(\d{6});(\d{2})(\d{7});(2024)(\d{5})	$1 $2;$1 $2;$1 $2	[7-9]|20(?:[013-8]|2[5-9])|4(?:6[45]|[7-9]);3|4(?:[1-5]|6[0-36-9]);2024	X	Uganda
GB	United Kingdom	44	234,235	10	0	X	(\d{2})(\d{4})(\d{4});(\d{3})(\d{3})(\d{4});(\d{5})(\d{4,5});(1\d{3})(\d{5,6});(7\d{3})(\d{6});(800)(\d{4});(845)(46)(4\d);(8\d{2})(\d{3})(\d{4});(80\d)(\d{3})(\d{4});([58]00)(\d{6})	$1 $2 $3;$1 $2 $3;$1 $2;$1 $2;$1 $2;$1 $2;$1 $2 $3;$1 $2 $3;$1 $2 $3;$1 $2	2|5[56]|7(?:0|6[013-9])#2|5[56]|7(?:0|6(?:[013-9]|2[0-35-9]));1(?:1|\d1)|3|9[018];1(?:38|5[23]|69|76|94)#1(?:387|5(?:24|39)|697|768|946)#1(?:3873|5(?:242|39[456])|697[347]|768[347]|9467);1;7(?:[1-5789]|62)#7(?:[1-5789]|624);800#8001#80011#800111#8001111;845#8454#84546#845464;8(?:4[2-5]|7[0-3]);80;[58]00	X	United Kingdom
US	United States	1	310,311,312,313,314,315,316	10	0,1	X	(\d{3})(\d{4});(\d{3})(\d{3})(\d{4})	$1-$2;($1) $2-$3	N/A;N/A	X	United States
UY	Uruguay	598	748	8	0	X	(\d{4})(\d{4});(\d{2})(\d{3})(\d{3});(\d{3})(\d{4})	$1 $2;$1 $2 $3;$1 $2	[24];9[1-9];[89]0	X	Uruguay
VU	Vanuatu	678	541	7	0	X	(\d{3})(\d{4})	$1 $2	[579]	X	Vanuatu
VE	Venezuela	58	734	10	0	X	(\d{3})(\d{7})	$1-$2	N/A	X	Venezuela
VN	Việt Nam	84	452	9,10	0	X	([17]99)(\d{4});([48])(\d{4})(\d{4});([235-7]\d)(\d{4})(\d{3});(80)(\d{5});(69\d)(\d{4,5});([235-7]\d{2})(\d{4})(\d{3});(9\d)(\d{3})(\d{2})(\d{2});(1[2689]\d)(\d{3})(\d{4});(1[89]00)(\d{4,6})	$1 $2;$1 $2 $3;$1 $2 $3;$1 $2;$1 $2;$1 $2 $3;$1 $2 $3 $4;$1 $2 $3;$1 $2	[17]99;[48];2[025-79]|3[0136-9]|5[2-9]|6[0-46-8]|7[02-79];80;69;2[1348]|3[25]|5[01]|65|7[18];9;1(?:[26]|8[68]|99);1[89]0	X	Vietnam
WF	Wallis-et-Futuna	681	543	6	0	X	(\d{2})(\d{2})(\d{2})	$1 $2 $3	N/A	X	Wallis and Futuna
ZM	Zambia	260	645	9	0	X	([29]\d)(\d{7});(800)(\d{3})(\d{3})	$1 $2;$1 $2 $3	[29];8	X	Zambia
ZW	Zimbabwe	263	648	9,10	0	X	([49])(\d{3})(\d{2,4});(7\d)(\d{3})(\d{3,4});(86\d{2})(\d{3})(\d{3});([2356]\d{2})(\d{3,5});(\d{3})(\d{3})(\d{3,4});([1-356]\d)(\d{3,5});([235]\d)(\d{3})(\d{3,4});([25]\d{3})(\d{3,5});(8\d{3})(\d{6});(80\d)(\d{3})(\d{4})	$1 $2 $3;$1 $2 $3;$1 $2 $3;$1 $2;$1 $2 $3;$1 $2;$1 $2 $3;$1 $2;$1 $2;$1 $2 $3	4|9[2-9];7;86[24];2(?:0[45]|2[278]|[49]8|[78])|3(?:08|17|3[78]|7[1569]|8[37]|98)|5[15][78]|6(?:[29]8|[38]7|6[78]|75|[89]8);2(?:1[39]|2[0157]|6[14]|7[35]|84)|329;1[3-9]|2[0569]|3[0-69]|5[05689]|6[0-46-9];[23]9|54;(?:25|54)8#258[23]|5483;86;80	X	Zimbabwe
GR	Ελλάδα	30	202	10	0	X	([27]\d)(\d{4})(\d{4});(\d{3})(\d{3})(\d{4});(2\d{3})(\d{6})	$1 $2 $3;$1 $2 $3;$1 $2	21|7;2[2-9]1|[689];2[2-9][02-9]	X	Greece
CY	Κύπρος	357	280	8	0	X	(\d{2})(\d{6})	$1 $2	N/A	X	Cyprus
BY	Беларусь	375	257	9	0	X	(\d{2})(\d{3})(\d{2})(\d{2});(\d{3})(\d{2})(\d{2})(\d{2});(\d{4})(\d{2})(\d{3});([89]\d{2})(\d{3})(\d{4});(82\d)(\d{4})(\d{4});(800)(\d{3});(800)(\d{2})(\d{2,4})	$1 $2-$3-$4;$1 $2-$3-$4;$1 $2-$3;$1 $2 $3;$1 $2 $3;$1 $2;$1 $2 $3	17[0-3589]|2[4-9]|[34]#17(?:[02358]|1[0-2]|9[0189])|2[4-9]|[34];1(?:5[24]|6[235]|7[467])|2(?:1[246]|2[25]|3[26])#1(?:5[24]|6(?:2|3[04-9]|5[0346-9])|7(?:[46]|7[37-9]))|2(?:1[246]|2[25]|3[26]);1(?:5[169]|6[3-5]|7[179])|2(?:1[35]|2[34]|3[3-5])#1(?:5[169]|6(?:3[1-3]|4|5[125])|7(?:1[3-9]|7[0-24-6]|9[2-7]))|2(?:1[35]|2[34]|3[3-5]);8[01]|9;82;800;800	X	Belarus
BG	България	359	284	9	0	X	(2)(\d{5});(2)(\d{3})(\d{3,4});(\d{3})(\d{4});(\d{3})(\d{3})(\d{2});(\d{3})(\d{2})(\d{3});(\d{3})(\d{3})(\d{3});(\d{2})(\d{3})(\d{2,3});(\d{2})(\d{3})(\d{3,4})	$1 $2;$1 $2 $3;$1 $2;$1 $2 $3;$1 $2 $3;$1 $2 $3;$1 $2 $3;$1 $2 $3	29;2;43[124-7]|70[1-9];43[124-7]|70[1-9];[78]00;999;[356]|4[124-7]|7[1-9]|8[1-6]|9[1-7];48|8[7-9]|9[08]	X	Bulgaria
KG	Кыргызстан	996	437	9	0	X	(\d{3})(\d{3})(\d{3});(\d{4})(\d{5});(\d{3})(\d{3})(\d)(\d{3})	$1 $2 $3;$1 $2;$1 $2 $3 $4	[25-7]|31[25];3(?:1[36]|[2-9]);8	X	Kyrgyzstan
KZ	Қазақстан	7	401	10	0,8	X				X	Kazakhstan
MK	Македонија	389	294	8	0	X	(2)(\d{3})(\d{4});([347]\d)(\d{3})(\d{3});([58]\d{2})(\d)(\d{2})(\d{2})	$1 $2 $3;$1 $2 $3;$1 $2 $3 $4	2;[347];[58]	X	Macedonia
MN	Монгол	976	428	8	0	X	([12]\d)(\d{2})(\d{4});([12]2\d)(\d{5,6});([12]\d{3})(\d{5});(\d{4})(\d{4});([12]\d{4})(\d{4,5})	$1 $2 $3;$1 $2;$1 $2;$1 $2;$1 $2	[12]1;[12]2[1-3];[12](?:27|[3-5])#[12](?:27|[3-5]\d)2;[57-9];[12](?:27|[3-5])#[12](?:27|[3-5]\d)[4-9]	X	Mongolia
RU	Россия	7	250	10	0,8	X	(\d{3})(\d{2})(\d{2});([3489]\d{2})(\d{3})(\d{2})(\d{2});(7\d{2})(\d{3})(\d{4})	$1-$2-$3;$1 $2-$3-$4;$1 $2 $3	[1-79];[34689];7	X	Russia
RS	Србија	381	220	8,9	0	X	([23]\d{2})(\d{4,9});([1-3]\d)(\d{5,10});(6\d)(\d{6,8});([89]\d{2})(\d{3,9});(7[26])(\d{4,9});(7[08]\d)(\d{4,9})	$1 $2;$1 $2;$1 $2;$1 $2;$1 $2;$1 $2	(?:2[389]|39)0;1|2(?:[0-24-7]|[389][1-9])|3(?:[0-8]|9[1-9]);6;[89];7[26];7[08]	X	Serbia
TJ	Тоҷикистон	992	436	9	0	X	([349]\d{2})(\d{2})(\d{4});([459]\d)(\d{3})(\d{4});(331700)(\d)(\d{2});(\d{4})(\d)(\d{4})	$1 $2 $3;$1 $2 $3;$1 $2 $3;$1 $2 $3	[34]7|91[78];4[48]|5|9(?:1[59]|[0235-9]);331#3317#33170#331700;3[1-5]#3(?:[1245]|3(?:[02-9]|1[0-589]))	X	Tajikistan
TM	Туркменистан	993	438	8	0,8	X	(\d{2})(\d{2})(\d{2})(\d{2});(\d{2})(\d{6});(\d{3})(\d)(\d{2})(\d{2})	$1 $2-$3-$4;$1 $2;$1 $2-$3-$4	12;6;13|[2-5]	X	Turkmenistan
UA	Україна	380	255	9	0	X	([3-9]\d)(\d{3})(\d{4});([3-689]\d{2})(\d{3})(\d{3});([3-6]\d{3})(\d{5})	$1 $2 $3;$1 $2 $3;$1 $2	[38]9|4(?:[45][0-5]|87)|5(?:0|6[37]|7[37])|6[36-8]|73|9[1-9]#[38]9|4(?:[45][0-5]|87)|5(?:0|6(?:3[14-7]|7)|7[37])|6[36-8]|73|9[1-9];3[1-8]2|4[13678]2|5(?:[12457]2|6[24])|6(?:[49]2|[12][29]|5[24])|8[0-8]|90#3(?:[1-46-8]2[013-9]|52)|4(?:[1378]2|62[013-9])|5(?:[12457]2|6[24])|6(?:[49]2|[12][29]|5[24])|8[0-8]|90;3(?:5[013-9]|[1-46-8])|4(?:[137][013-9]|6|[45][6-9]|8[4-6])|5(?:[1245][013-9]|6[0135-9]|3|7[4-6])|6(?:[49][013-9]|5[0135-9]|[12][13-8])#3(?:5[013-9]|[1-46-8](?:22|[013-9]))|4(?:[137][013-9]|6(?:[013-9]|22)|[45][6-9]|8[4-6])|5(?:[1245][013-9]|6(?:3[02389]|[015689])|3|7[4-6])|6(?:[49][013-9]|5[0135-9]|[12][13-8])	X	Ukraine
ME	Црна Гора	382	297	8,9	0	X	(\d{2})(\d{3})(\d{3});(67)(9)(\d{3})(\d{3})	$1 $2 $3;$1 $2 $3 $4	[2-57-9]|6[036-9]#[2-57-9]|6(?:[03689]|7(?:[0-8]|9[3-9]));679#679[0-2]	X	Montenegro
SJ	Шпицберген и Ян-Майен	47	999	8		X				X	Svalbard and Jan Mayen
GE	საქართველო	995	282	9	0	X	(\d{3})(\d{2})(\d{2})(\d{2});(\d{3})(\d{3})(\d{3});(\d{3})(\d{2})(\d{2})(\d{2})	$1 $2 $3 $4;$1 $2 $3;$1 $2 $3 $4	[348];7;5	X	Georgia
AM	Հայաստան	374	283	8	0	X	(\d{2})(\d{6});(\d{2})(\d{6});(\d{3})(\d{5});(\d{3})(\d{2})(\d{3})	$1 $2;$1 $2;$1 $2;$1 $2 $3	1|47;4[139]|[5-7]|9[1-9];[23];8|90	X	Armenia
IL	ישראל	972	425	9	0	X	([2-489])(\d{3})(\d{4});([57]\d)(\d{3})(\d{4});(1)([7-9]\d{2})(\d{3})(\d{3});(1255)(\d{3});(1200)(\d{3})(\d{3});(1212)(\d{2})(\d{2});(1599)(\d{6});(\d{4})	$1-$2-$3;$1-$2-$3;$1-$2-$3-$4;$1-$2;$1-$2-$3;$1-$2-$3;$1-$2;*$1	[2-489];[57];1[7-9];125;120;121;15;[2-689]	X	Israel
AF	افغانستان	93	412	9	0	X	([2-7]\d)(\d{3})(\d{4})	$1 $2 $3	[2-7]	X	Afghanistan
PS	الأراضي الفلسطينية	970	423	9	0	X	([2489])(2\d{2})(\d{4});(5[69]\d)(\d{3})(\d{3});(1[78]00)(\d{3})(\d{3})	$1 $2 $3;$1 $2 $3;$1 $2 $3	[2489];5;1[78]	X	Palestinian Territories
JO	الأردن	962	416	9	0	X	(\d)(\d{3})(\d{4});(7)(\d{4})(\d{4});(\d{3})(\d{5,6})	$1 $2 $3;$1 $2 $3;$1 $2	[2356]|87;7[457-9];70|8[0158]|9	X	Jordan
AE	الإمارات العربية المتحدة	971	424,430,431	9	0	X	([2-4679])(\d{3})(\d{4});(5[0256])(\d{3})(\d{4});([479]00)(\d)(\d{5});([68]00)(\d{2,9})	$1 $2 $3;$1 $2 $3;$1 $2 $3;$1 $2	[2-4679][2-8];5;[479]0;60|8	X	United Arab Emirates
BH	البحرين	973	426	8	0	X	(\d{4})(\d{4})	$1 $2	N/A	X	Bahrain
DZ	الجزائر	213	603	9	0	X	([1-4]\d)(\d{2})(\d{2})(\d{2});([5-8]\d{2})(\d{2})(\d{2})(\d{2});(9\d)(\d{3})(\d{2})(\d{2})	$1 $2 $3 $4;$1 $2 $3 $4;$1 $2 $3 $4	[1-4];[5-8];9	X	Algeria
SD	السودان	249	634	9	0	X	(\d{2})(\d{3})(\d{4})	$1 $2 $3	N/A	X	Sudan
IQ	العراق	964	418	10	0	X	(1)(\d{3})(\d{4});([2-6]\d)(\d{3})(\d{3,4});(7\d{2})(\d{3})(\d{4})	$1 $2 $3;$1 $2 $3;$1 $2 $3	1;[2-6];7	X	Iraq
KW	الكويت	965	419	8	0	X	(\d{4})(\d{3,4});(\d{3})(\d{5})	$1 $2;$1 $2	[126]|9[04-9]|52[25];5[015]|92	X	Kuwait
MA	المغرب	212	604	9	0	X	([56]\d{2})(\d{6});([58]\d{3})(\d{5});(5\d{4})(\d{4});(8[09])(\d{7})	$1-$2;$1-$2;$1-$2;$1-$2	5(?:2[015-7]|3[0-4])|6;5(?:2[2-489]|3[5-9])|892#5(?:2(?:[2-48]|90)|3(?:[5-79]|80))|892;5(?:29|38)#5(?:29|38)[89];8(?:0|9[013-9])	X	Morocco
SA	المملكة العربية السعودية	966	420	9	0	X	([1-467])(\d{3})(\d{4});(1\d)(\d{3})(\d{4});(5\d)(\d{3})(\d{4});(92\d{2})(\d{5});(800)(\d{3})(\d{4});(811)(\d{3})(\d{3,4})	$1 $2 $3;$1 $2 $3;$1 $2 $3;$1 $2;$1 $2 $3;$1 $2 $3	[1-467];1[1-467];5;92;80;81	X	Saudi Arabia
YE	اليمن	967	421	9	0	X	([1-7])(\d{3})(\d{3,4});(7\d{2})(\d{3})(\d{3})	$1 $2 $3;$1 $2 $3	[1-6]|7[24-68];7[0137]	X	Yemen
IR	ایران	98	432	10	0	X	(21)(\d{3,5});(\d{2})(\d{4})(\d{4});(\d{3})(\d{3})(\d{3,4});(\d{3})(\d{2})(\d{2,3});(\d{3})(\d{3})	$1 $2;$1 $2 $3;$1 $2 $3;$1 $2 $3;$1 $2	21;[1-8];9;9;9	X	Iran
PK	پاکستان	92	410	10	0	X	(\d{2})(111)(\d{3})(\d{3});(\d{3})(111)(\d{3})(\d{3});(\d{2})(\d{7,8});(\d{3})(\d{6,7});(3\d{2})(\d{7});([15]\d{3})(\d{5,6});(586\d{2})(\d{5});([89]00)(\d{3})(\d{2})	$1 $2 $3 $4;$1 $2 $3 $4;$1 $2;$1 $2;$1 $2;$1 $2;$1 $2;$1 $2 $3	(?:2[125]|4[0-246-9]|5[1-35-7]|6[1-8]|7[14]|8[16]|91)1#(?:2[125]|4[0-246-9]|5[1-35-7]|6[1-8]|7[14]|8[16]|91)11#(?:2[125]|4[0-246-9]|5[1-35-7]|6[1-8]|7[14]|8[16]|91)111;2[349]|45|54|60|72|8[2-5]|9[2-9]#(?:2[349]|45|54|60|72|8[2-5]|9[2-9])\d1#(?:2[349]|45|54|60|72|8[2-5]|9[2-9])\d11#(?:2[349]|45|54|60|72|8[2-5]|9[2-9])\d111;(?:2[125]|4[0-246-9]|5[1-35-7]|6[1-8]|7[14]|8[16]|91)[2-9];2[349]|45|54|60|72|8[2-5]|9[2-9]#(?:2[349]|45|54|60|72|8[2-5]|9[2-9])\d[2-9];3;58[12]|1;586;[89]00	X	Pakistan
TN	تونس	216	605	8	0	X	(\d{2})(\d{3})(\d{3})	$1 $2 $3	N/A	X	Tunisia
KM	جزر القمر	269	654	7	0	X	(\d{3})(\d{2})(\d{2})	$1 $2 $3	N/A	X	Comoros
SY	سوريا	963	417	9	0	X	(\d{2})(\d{3})(\d{3,4});(9\d{2})(\d{3})(\d{3})	$1 $2 $3;$1 $2 $3	[1-5];9	X	Syria
OM	عُمان	968	422	8	0	X	(2\d)(\d{6});(9\d{3})(\d{4});([58]00)(\d{4,6})	$1 $2;$1 $2;$1 $2	2;9;[58]	X	Oman
QA	قطر	974	427	8	0	X	([28]\d{2})(\d{4});([3-7]\d{3})(\d{4})	$1 $2;$1 $2	[28];[3-7]	X	Qatar
LB	لبنان	961	415	7,8	0	X	(\d)(\d{3})(\d{3});([7-9]\d)(\d{3})(\d{3})	$1 $2 $3;$1 $2 $3	[13-6]|7(?:[2-57]|62|8[0-7]|9[04-9])|8[02-9]|9;[89][01]|7(?:[01]|6[013-9]|8[89]|9[1-3])	X	Lebanon
LY	ليبيا	218	606	9	0	X	([25679]\d)(\d{7})	$1-$2	N/A	X	Libya
EG	مصر	20	602	9,10	0	X	(\d)(\d{7,8});(\d{3})(\d{3})(\d{4});(\d{2})(\d{6,7})	$1 $2;$1 $2 $3;$1 $2	[23];1[012]|[89]00;1[35]|[4-6]|[89][2-9]	X	Egypt
MR	موريتانيا	222	609	8	0	X	([2-48]\d)(\d{2})(\d{2})(\d{2})	$1 $2 $3 $4	N/A	X	Mauritania
ET	ኢትዮጵያ	251	636	9	0	X	([1-59]\d)(\d{3})(\d{4})	$1 $2 $3	N/A	X	Ethiopia
NP	नेपाल	977	429	10	0	X	(1)(\d{7});(\d{2})(\d{6});(9\d{2})(\d{7})	$1-$2;$1-$2;$1-$2	1[2-6];1[01]|[2-8]|9(?:[1-69]|7[15-9]);9(?:6[013]|7[245]|8)	X	Nepal
BD	বাংলাদেশ	880	470	10	0	X	(2)(\d{7,8});(\d{2})(\d{4,6});(\d{4})(\d{3,6});(\d{3})(\d{3,7})	$1-$2;$1-$2;$1-$2;$1-$2	2;[3-79]1;1|3(?:0|[2-58]2)|4(?:0|[25]2|3[23]|[4689][25])|5(?:[02-578]2|6[25])|6(?:[0347-9]2|[26][25])|7[02-9]2|8(?:[023][23]|[4-7]2)|9(?:[02][23]|[458]2|6[016]);[3-79][2-9]|8	X	Bangladesh
LK	ශ්‍රී ලංකාව	94	413	9	0	X	(\d{2})(\d{1})(\d{6});(\d{2})(\d{3})(\d{4})	$1 $2 $3;$1 $2 $3	[1-689];7	X	Sri Lanka
TH	ไทย	66	520	9	0	X	(2)(\d{3})(\d{4});([13-9]\d)(\d{3})(\d{3,4});(1[89]00)(\d{3})(\d{3})	$1 $2 $3;$1 $2 $3;$1 $2 $3	2;14|[3-9];1	X	Thailand
LA	ລາວ	856	457	10	0	X	(20)(\d{2})(\d{3})(\d{3});([2-8]\d)(\d{3})(\d{3});(30)(\d{2})(\d{2})(\d{3})	$1 $2 $3 $4;$1 $2 $3;$1 $2 $3 $4	20;2[13]|3[14]|[4-8];30	X	Laos
BT	འབྲུག	975	402	8	0	X	(\d{2})(\d{2})(\d{2})(\d{2});([2-8])(\d{3})(\d{3})	$1 $2 $3 $4;$1 $2 $3	1|77;[2-68]|7[246]	X	Bhutan
MM	မြန်မာ	95	414	8,9,10	0	X	(\d)(\d{3})(\d{3,4});(2)(\d{4})(\d{4});(\d)(\d{2})(\d{3});(\d{2})(\d{3})(\d{3,4});(\d{2})(\d{2})(\d{3,4});(9)(\d{3})(\d{4,6});(9)([34]\d{4})(\d{4});(9)(\d{3})(\d{3})(\d{3});(9)(\d{3})(\d{3})(\d{2})	$1 $2 $3;$1 $2 $3;$1 $2 $3;$1 $2 $3;$1 $2 $3;$1 $2 $3;$1 $2 $3;$1 $2 $3 $4;$1 $2 $3 $4	1|2[245];251;16|2;67|81;[4-8];9(?:2[0-4]|[35-9]|4[137-9]);9(?:3[0-36]|4[0-57-9]);92[56];93	X	Myanmar (Burma)
KH	កម្ពុជា	855	456	8,9	0	X	(\d{2})(\d{3})(\d{3,4});(1[89]00)(\d{3})(\d{3})	$1 $2 $3;$1 $2 $3	1\d[1-9]|[2-9];1[89]0	X	Cambodia
KR	대한민국	82	450	9,10	0	X	(\d{2})(\d{4})(\d{4});(\d{2})(\d{3,4})(\d{4});(\d{3})(\d)(\d{4});(\d{3})(\d{2})(\d{4});(\d{3})(\d{3})(\d{4});(\d{2})(\d{2})(\d{3})(\d{4});(\d)(\d{3,4})(\d{4});(\d)(\d{3,4});(\d{2})(\d{3,4});(\d{4})(\d{4})	$1-$2-$3;$1-$2-$3;$1-$2-$3;$1-$2-$3;$1-$2-$3;$1-$2-$3-$4;$1-$2-$3;$1-$2;$1-$2;$1-$2	1(?:0|1[19]|[69]9|5[458])|[57]0#1(?:0|1[19]|[69]9|5(?:44|59|8))|[57]0;1(?:[01]|5[1-4]|6[2-8]|[7-9])|[68]0|[3-6][1-9][1-9]#1(?:[01]|5(?:[1-3]|4[56])|6[2-8]|[7-9])|[68]0|[3-6][1-9][1-9];131#1312;131#131[13-9];13[2-9];30;2[1-9];21[0-46-9];[3-6][1-9]1#[3-6][1-9]1(?:[0-46-9]);1(?:5[46-9]|6[04678]|8[0579])#1(?:5(?:44|66|77|88|99)|6(?:00|44|6[16]|70|88)|8(?:00|55|77|99))	X	South Korea
KP	조선 민주주의 인민 공화국	850	467	10	0	X	(\d{3})(\d{3})(\d{4});(\d)(\d{3})(\d{4});(\d{2})(\d{3})(\d{3})	$1 $2 $3;$1 $2 $3;$1 $2 $3	1;2;8	X	North Korea
CN	中国	86	460	11	0	X	(80\d{2})(\d{4});([48]00)(\d{3})(\d{4});(\d{5,6});(\d{2})(\d{5,6});(\d{3})(\d{5,6});(\d{3,4})(\d{4});(21)(\d{4})(\d{4,6});([12]\d)(\d{4})(\d{4});(\d{3})(\d{4})(\d{4});(\d{3})(\d{3})(\d{4});(\d{3})(\d{4})(\d{4});(10800)(\d{3})(\d{4});(\d{3})(\d{7,8})	$1 $2;$1 $2 $3;$1;$1 $2;$1 $2;$1 $2;$1 $2 $3;$1 $2 $3;$1 $2 $3;$1 $2 $3;$1 $2 $3;$1 $2 $3;$1 $2	80[2678];[48]00;100|95;(?:10|2\d)[19]#(?:10|2\d)(?:10|9[56])#(?:10|2\d)(?:100|9[56]);[3-9]#[3-9]\d{2}[19]#[3-9]\d{2}(?:10|9[56]);[2-9];21;10[1-9]|2[02-9]#10[1-9]|2[02-9]#10(?:[1-79]|8(?:[1-9]|0[1-9]))|2[02-9];3(?:11|7[179])|4(?:[15]1|3[12])|5(?:1|2[37]|3[12]|51|7[13-79]|9[15])|7(?:31|5[457]|6[09]|91)|8(?:[57]1|98);3(?:1[02-9]|35|49|5|7[02-68]|9[1-68])|4(?:1[02-9]|2[179]|[35][2-9]|6[4789]|7\d|8[23])|5(?:3[03-9]|4[36]|5[02-9]|6[1-46]|7[028]|80|9[2-46-9])|6(?:3[1-5]|6[0238]|9[12])|7(?:01|[1579]|2[248]|3[04-9]|4[3-6]|6[2368])|8(?:1[236-8]|2[5-7]|3|5[4-9]|7[02-9]|8[3678]|9[1-7])|9(?:0[1-3689]|1[1-79]|[379]|4[13]|5[1-5]);1[3-578];108#1080#10800;950	X	China
MO	中華人民共和國澳門特別行政區	853	455	8	0	X	([268]\d{3})(\d{4})	$1 $2	N/A	X	Macau SAR China
HK	中華人民共和國香港特別行政區	852	454	8	0	X	(\d{4})(\d{4});(800)(\d{3})(\d{3});(900)(\d{2})(\d{3})(\d{3});(900)(\d{2,5})	$1 $2;$1 $2 $3;$1 $2 $3 $4;$1 $2	[235-7]|[89](?:0[1-9]|[1-9]);800;900;900	X	Hong Kong SAR China
TW	台灣	886	466	9	0	X	([2-8])(\d{3,4})(\d{4});([89]\d{2})(\d{3})(\d{3});(70)(\d{4})(\d{4})	$1 $2 $3;$1 $2 $3;$1 $2 $3	[2-6]|[78][1-9];80|9;70	X	Taiwan
JP	日本	81	440,441	10	0	X	(\d{3})(\d{3})(\d{3});(\d{3})(\d{3})(\d{4});(\d{4})(\d{4});(\d{4})(\d{2})(\d{3,4});(\d{4})(\d{2})(\d{4});(\d{4})(\d{3})(\d{3,4});(\d{4})(\d{4})(\d{4,5});(\d{4})(\d{5})(\d{5,6});(\d{4})(\d{6})(\d{6,7});(\d{2})(\d{4})(\d{4});(\d{4})(\d)(\d{4});(\d{3})(\d{2})(\d{4});(\d{2})(\d{3})(\d{4});(\d{3})(\d{2})(\d{4});(\d)(\d{4})(\d{4});(\d{2})(\d{3})(\d{4})	$1-$2-$3;$1-$2-$3;$1-$2;$1-$2-$3;$1-$2-$3;$1-$2-$3;$1-$2-$3;$1-$2-$3;$1-$2-$3;$1-$2-$3;$1-$2-$3;$1-$2-$3;$1-$2-$3;$1-$2-$3;$1-$2-$3;$1-$2-$3	(?:12|57|99)0;800;0077;0077;0088;00(?:37|66);00(?:37|66);00(?:37|66);00(?:37|66);[2579]0|80[1-9];1(?:26|3[79]|4[56]|5[4-68]|6[3-5])|5(?:76|97)|499|746|8(?:3[89]|63|47|51)|9(?:49|80|9[16])#1(?:267|3(?:7[247]|9[278])|4(?:5[67]|66)|5(?:47|58|64|8[67])|6(?:3[245]|48|5[4-68]))|5(?:76|97)9|499[2468]|7468|8(?:3(?:8[78]|96)|636|477|51[24])|9(?:496|802|9(?:1[23]|69))#1(?:267|3(?:7[247]|9[278])|4(?:5[67]|66)|5(?:47|58|64|8[67])|6(?:3[245]|48|5[4-68]))|5(?:769|979[2-69])|499[2468]|7468|8(?:3(?:8[78]|96[2457-9])|636[2-57-9]|477|51[24])|9(?:496|802|9(?:1[23]|69));1(?:2[3-6]|3[3-9]|4[2-6]|5[2-8]|[68][2-7]|7[2-689]|9[1-578])|2(?:2[03-689]|3[3-58]|4[0-468]|5[04-8]|6[013-8]|7[06-9]|8[02-57-9]|9[13])|4(?:2[28]|3[689]|6[035-7]|7[05689]|80|9[3-5])|5(?:3[1-36-9]|4[4578]|5[013-8]|6[1-9]|7[2-8]|8[14-7]|9[4-9])|7(?:2[15]|3[5-9]|4[02-9]|6[135-8]|7[0-4689]|9[014-9])|8(?:2[49]|3[3-8]|4[5-8]|5[2-9]|6[35-9]|7[579]|8[03-579]|9[2-8])|9(?:[23]0|4[02-46-9]|5[024-79]|6[4-9]|7[2-47-9]|8[02-7]|9[3-7])#1(?:2[3-6]|3[3-9]|4[2-6]|5(?:[236-8]|[45][2-69])|[68][2-7]|7[2-689]|9[1-578])|2(?:2(?:[04-689]|3[23])|3[3-58]|4[0-468]|5(?:5[78]|7[2-4]|[0468][2-9])|6(?:[0135-8]|4[2-5])|7(?:[0679]|8[2-7])|8(?:[024578]|3[25-9]|9[6-9])|9(?:11|3[2-4]))|4(?:2(?:2[2-9]|8[237-9])|3[689]|6[035-7]|7(?:[059][2-8]|[68])|80|9[3-5])|5(?:3[1-36-9]|4[4578]|5[013-8]|6[1-9]|7[2-8]|8[14-7]|9(?:[89][2-8]|[4-7]))|7(?:2[15]|3[5-9]|4[02-9]|6[135-8]|7[0-4689]|9(?:[017-9]|4[6-8]|5[2-478]|6[2-589]))|8(?:2(?:4[4-8]|9[2-8])|3(?:7[2-6]|[3-6][2-9]|8[2-5])|4[5-8]|5[2-9]|6(?:[37]|5[4-7]|6[2-9]|8[2-8]|9[236-9])|7[579]|8[03-579]|9[2-8])|9(?:[23]0|4[02-46-9]|5[024-79]|6[4-9]|7[2-47-9]|8[02-7]|9(?:3[34]|[4-7]))#1(?:2[3-6]|3[3-9]|4[2-6]|5(?:[236-8]|[45][2-69])|[68][2-7]|7[2-689]|9[1-578])|2(?:2(?:[04-689]|3[23])|3[3-58]|4[0-468]|5(?:5[78]|7[2-4]|[0468][2-9])|6(?:[0135-8]|4[2-5])|7(?:[0679]|8[2-7])|8(?:[024578]|3[25-9]|9[6-9])|9(?:11|3[2-4]))|4(?:2(?:2[2-9]|8[237-9])|3[689]|6[035-7]|7(?:[059][2-8]|[68])|80|9[3-5])|5(?:3[1-36-9]|4[4578]|5[013-8]|6[1-9]|7[2-8]|8[14-7]|9(?:[89][2-8]|[4-7]))|7(?:2[15]|3[5-9]|4[02-9]|6[135-8]|7[0-4689]|9(?:[017-9]|4[6-8]|5[2-478]|6[2-589]))|8(?:2(?:4[4-8]|9(?:[3578]|20|4[04-9]|6[56]))|3(?:7(?:[2-5]|6[0-59])|[3-6][2-9]|8[2-5])|4[5-8]|5[2-9]|6(?:[37]|5(?:[467]|5[014-9])|6(?:[2-8]|9[02-69])|8[2-8]|9(?:[236-8]|9[23]))|7[579]|8[03-579]|9[2-8])|9(?:[23]0|4[02-46-9]|5[024-79]|6[4-9]|7[2-47-9]|8[02-7]|9(?:3(?:3[02-9]|4[0-24689])|4[2-69]|[5-7]))#1(?:2[3-6]|3[3-9]|4[2-6]|5(?:[236-8]|[45][2-69])|[68][2-7]|7[2-689]|9[1-578])|2(?:2(?:[04-689]|3[23])|3[3-58]|4[0-468]|5(?:5[78]|7[2-4]|[0468][2-9])|6(?:[0135-8]|4[2-5])|7(?:[0679]|8[2-7])|8(?:[024578]|3[25-9]|9[6-9])|9(?:11|3[2-4]))|4(?:2(?:2[2-9]|8[237-9])|3[689]|6[035-7]|7(?:[059][2-8]|[68])|80|9[3-5])|5(?:3[1-36-9]|4[4578]|5[013-8]|6[1-9]|7[2-8]|8[14-7]|9(?:[89][2-8]|[4-7]))|7(?:2[15]|3[5-9]|4[02-9]|6[135-8]|7[0-4689]|9(?:[017-9]|4[6-8]|5[2-478]|6[2-589]))|8(?:2(?:4[4-8]|9(?:[3578]|20|4[04-9]|6(?:5[25]|60)))|3(?:7(?:[2-5]|6[0-59])|[3-6][2-9]|8[2-5])|4[5-8]|5[2-9]|6(?:[37]|5(?:[467]|5[014-9])|6(?:[2-8]|9[02-69])|8[2-8]|9(?:[236-8]|9[23]))|7[579]|8[03-579]|9[2-8])|9(?:[23]0|4[02-46-9]|5[024-79]|6[4-9]|7[2-47-9]|8[02-7]|9(?:3(?:3[02-9]|4[0-24689])|4[2-69]|[5-7]));1|2(?:2[37]|5[5-9]|64|78|8[39]|91)|4(?:2[2689]|64|7[347])|5(?:[2-589]|39)|60|8(?:[46-9]|3[279]|2[124589])|9(?:[235-8]|93)#1|2(?:2[37]|5(?:[57]|[68]0|9[19])|64|78|8[39]|917)|4(?:2(?:[68]|20|9[178])|64|7[347])|5(?:[2-589]|39[67])|60|8(?:[46-9]|3[279]|2[124589])|9(?:[235-8]|93[34])#1|2(?:2[37]|5(?:[57]|[68]0|9(?:17|99))|64|78|8[39]|917)|4(?:2(?:[68]|20|9[178])|64|7[347])|5(?:[2-589]|39[67])|60|8(?:[46-9]|3[279]|2[124589])|9(?:[235-8]|93(?:31|4));2(?:9[14-79]|74|[34]7|[56]9)|82|993;3|4(?:2[09]|7[01])|6[1-9];[2479][1-9]	X	Japan
